{
    "init_scores": [
        {"mode": "endless", "name": "AAA", "level": 4, "lives": 3, "time": 600000, "score": 100},
        {"mode": "endless", "name": "BBB", "level": 4, "lives": 3, "time": 650000, "score": 100},
        {"mode": "endless", "name": "CCC", "level": 4, "lives": 3, "time": 500000, "score": 90},
        {"mode": "endless", "name": "DDD", "level": 4, "lives": 3, "time": 600000, "score": 80},
        {"mode": "endless", "name": "EEE", "level": 2, "lives": 3, "time": 600000, "score": 70},
        {"mode": "endless", "name": "FFF", "level": 2, "lives": 3, "time": 600000, "score": 60},
        {"mode": "endless", "name": "GGG", "level": 2, "lives": 3, "time": 600000, "score": 50},
        {"mode": "endless", "name": "HHH", "level": 2, "lives": 3, "time": 600000, "score": 40},
        {"mode": "endless", "name": "III", "level": 2, "lives": 3, "time": 600000, "score": 30},
        {"mode": "endless", "name": "JJJ", "level": 2, "lives": 3, "time": 600000, "score": 20},

        {"mode": "endless", "name": "AAA", "level": 4, "lives": 2, "time": 600000, "score": 100},
        {"mode": "endless", "name": "BBB", "level": 4, "lives": 2, "time": 650000, "score": 100},
        {"mode": "endless", "name": "CCC", "level": 4, "lives": 2, "time": 500000, "score": 90},
        {"mode": "endless", "name": "DDD", "level": 4, "lives": 2, "time": 600000, "score": 80},
        {"mode": "endless", "name": "EEE", "level": 3, "lives": 2, "time": 600000, "score": 70},
        {"mode": "endless", "name": "FFF", "level": 3, "lives": 2, "time": 600000, "score": 60},
        {"mode": "endless", "name": "GGG", "level": 3, "lives": 2, "time": 600000, "score": 50},
        {"mode": "endless", "name": "HHH", "level": 3, "lives": 2, "time": 600000, "score": 40},
        {"mode": "endless", "name": "III", "level": 3, "lives": 2, "time": 600000, "score": 30},
        {"mode": "endless", "name": "JJJ", "level": 3, "lives": 2, "time": 600000, "score": 20},
        
        {"mode": "endless", "name": "AAA", "level": 4, "lives": 1, "time": 600000, "score": 100},
        {"mode": "endless", "name": "BBB", "level": 4, "lives": 1, "time": 650000, "score": 100},
        {"mode": "endless", "name": "CCC", "level": 4, "lives": 1, "time": 500000, "score": 90},
        {"mode": "endless", "name": "DDD", "level": 4, "lives": 1, "time": 600000, "score": 80},
        {"mode": "endless", "name": "EEE", "level": 3, "lives": 1, "time": 600000, "score": 70},
        {"mode": "endless", "name": "FFF", "level": 3, "lives": 1, "time": 600000, "score": 60},
        {"mode": "endless", "name": "GGG", "level": 3, "lives": 1, "time": 600000, "score": 50},
        {"mode": "endless", "name": "HHH", "level": 3, "lives": 1, "time": 600000, "score": 40},
        {"mode": "endless", "name": "III", "level": 3, "lives": 1, "time": 600000, "score": 30},
        {"mode": "endless", "name": "JJJ", "level": 3, "lives": 1, "time": 600000, "score": 20},
        
        {"mode": "endless", "name": "AAA", "level": 3, "lives": 0, "time": 600000, "score": 100},
        {"mode": "endless", "name": "BBB", "level": 3, "lives": 0, "time": 650000, "score": 100},
        {"mode": "endless", "name": "CCC", "level": 3, "lives": 0, "time": 500000, "score": 90},
        {"mode": "endless", "name": "DDD", "level": 3, "lives": 0, "time": 600000, "score": 80},
        {"mode": "endless", "name": "EEE", "level": 1, "lives": 0, "time": 60000, "score": 70},
        {"mode": "endless", "name": "FFF", "level": 1, "lives": 0, "time": 60000, "score": 60},
        {"mode": "endless", "name": "GGG", "level": 1, "lives": 0, "time": 60000, "score": 50},
        {"mode": "endless", "name": "HHH", "level": 1, "lives": 0, "time": 60000, "score": 40},
        {"mode": "endless", "name": "III", "level": 1, "lives": 0, "time": 60000, "score": 30},
        {"mode": "endless", "name": "JJJ", "level": 1, "lives": 0, "time": 60000, "score": 20},
    
        {"mode": "normal", "name": "AAA", "level": 2, "lives": 3, "time": 60000, "score": 100},
        {"mode": "normal", "name": "BBB", "level": 2, "lives": 3, "time": 65000, "score": 100},
        {"mode": "normal", "name": "CCC", "level": 2, "lives": 3, "time": 50000, "score": 90},
        {"mode": "normal", "name": "DDD", "level": 2, "lives": 3, "time": 60000, "score": 80},
        {"mode": "normal", "name": "EEE", "level": 1, "lives": 3, "time": 60000, "score": 70},
        {"mode": "normal", "name": "FFF", "level": 1, "lives": 3, "time": 60000, "score": 60},
        {"mode": "normal", "name": "GGG", "level": 1, "lives": 3, "time": 60000, "score": 50},
        {"mode": "normal", "name": "HHH", "level": 1, "lives": 3, "time": 60000, "score": 40},
        {"mode": "normal", "name": "III", "level": 1, "lives": 3, "time": 60000, "score": 30},
        {"mode": "normal", "name": "JJJ", "level": 1, "lives": 3, "time": 60000, "score": 20},
        
        {"mode": "normal", "name": "AAA", "level": 2, "lives": 2, "time": 60000, "score": 100},
        {"mode": "normal", "name": "BBB", "level": 2, "lives": 2, "time": 65000, "score": 100},
        {"mode": "normal", "name": "CCC", "level": 2, "lives": 2, "time": 50000, "score": 90},
        {"mode": "normal", "name": "DDD", "level": 2, "lives": 2, "time": 60000, "score": 80},
        {"mode": "normal", "name": "EEE", "level": 1, "lives": 2, "time": 60000, "score": 70},
        {"mode": "normal", "name": "FFF", "level": 1, "lives": 2, "time": 60000, "score": 60},
        {"mode": "normal", "name": "GGG", "level": 1, "lives": 2, "time": 60000, "score": 50},
        {"mode": "normal", "name": "HHH", "level": 1, "lives": 2, "time": 60000, "score": 40},
        {"mode": "normal", "name": "III", "level": 1, "lives": 2, "time": 60000, "score": 30},
        {"mode": "normal", "name": "JJJ", "level": 1, "lives": 2, "time": 60000, "score": 20},
        
        {"mode": "normal", "name": "AAA", "level": 2, "lives": 1, "time": 60000, "score": 100},
        {"mode": "normal", "name": "BBB", "level": 2, "lives": 1, "time": 65000, "score": 100},
        {"mode": "normal", "name": "CCC", "level": 2, "lives": 1, "time": 50000, "score": 90},
        {"mode": "normal", "name": "DDD", "level": 2, "lives": 1, "time": 60000, "score": 80},
        {"mode": "normal", "name": "EEE", "level": 1, "lives": 1, "time": 60000, "score": 70},
        {"mode": "normal", "name": "FFF", "level": 1, "lives": 1, "time": 60000, "score": 60},
        {"mode": "normal", "name": "GGG", "level": 1, "lives": 1, "time": 60000, "score": 50},
        {"mode": "normal", "name": "HHH", "level": 1, "lives": 1, "time": 60000, "score": 40},
        {"mode": "normal", "name": "III", "level": 1, "lives": 1, "time": 60000, "score": 30},
        {"mode": "normal", "name": "JJJ", "level": 1, "lives": 1, "time": 60000, "score": 20},
        
        {"mode": "normal", "name": "AAA", "level": 2, "lives": 0, "time": 60000, "score": 100},
        {"mode": "normal", "name": "BBB", "level": 2, "lives": 0, "time": 65000, "score": 100},
        {"mode": "normal", "name": "CCC", "level": 2, "lives": 0, "time": 50000, "score": 90},
        {"mode": "normal", "name": "DDD", "level": 2, "lives": 0, "time": 60000, "score": 80},
        {"mode": "normal", "name": "EEE", "level": 1, "lives": 0, "time": 60000, "score": 70},
        {"mode": "normal", "name": "FFF", "level": 1, "lives": 0, "time": 60000, "score": 60},
        {"mode": "normal", "name": "GGG", "level": 1, "lives": 0, "time": 60000, "score": 50},
        {"mode": "normal", "name": "HHH", "level": 1, "lives": 0, "time": 60000, "score": 40},
        {"mode": "normal", "name": "III", "level": 1, "lives": 0, "time": 60000, "score": 30},
        {"mode": "normal", "name": "JJJ", "level": 1, "lives": 0, "time": 60000, "score": 20}
    ]
}